sample,sample_group,subvolume_name,mean_gvs,std_gvs,calculated_rho,uncertainty_rho,calculation_method_rho,sample_alias
4,MBC,voi_1,0.08100718,0.006680394,1.7075048672131143,0.0233199307585345,LF_wit,MBC_0
4,MBC,voi_2,0.071537636,0.005746636,1.6109983122404368,0.0224560158794926,LF_wit,MBC_0
4,MBC,voi_3,0.075770169,0.005442804,1.654133143087431,0.0228033609776974,LF_wit,MBC_0
4,MBC,voi_4,0.076066479,0.004813537,1.6571529143989068,0.0228300724163592,LF_wit,MBC_0
4,MBC,voi_5,0.07711602,0.005423146,1.6678490562841524,0.0229271523307135,LF_wit,MBC_0
4,MBC,voi_6,0.072367854,0.006330309,1.6194592771038248,0.0225190389853315,LF_wit,MBC_0
8,MBC,voi_1,0.10208037,0.005924361,1.9105086194963088,0.0208089752530309,LF_wit,MBC_1
8,MBC,voi_2,0.099465765,0.009854955,1.8842717451801996,0.0204788395343977,LF_wit,MBC_1
8,MBC,voi_3,0.100808017,0.007472003,1.8977408913894915,0.0206467231594571,LF_wit,MBC_1
8,MBC,voi_4,0.095878474,0.009638355,1.8482742223795048,0.0200473275791499,LF_wit,MBC_1
8,MBC,voi_5,0.098110698,0.008638428,1.870674003812418,0.0203128548216433,LF_wit,MBC_1
8,MBC,voi_6,0.10094732,0.010441299,1.8991387603994785,0.0206643409838886,LF_wit,MBC_1
18,MGA,voi_1,0.083191074,0.009725357,1.7303627118883926,0.046838978761764,LF_wit,MGA_0
18,MGA,voi_2,0.081256509,0.012329809,1.7104790457262702,0.0464061000879285,LF_wit,MGA_0
18,MGA,voi_3,0.078305371,0.007266384,1.6801469334476158,0.0457937120362372,LF_wit,MGA_0
18,MGA,voi_4,0.073498614,0.00628771,1.6307425704458836,0.0449257286911493,LF_wit,MGA_0
18,MGA,voi_5,0.078180909,0.006694115,1.6788676996881555,0.0457691876529235,LF_wit,MGA_0
18,MGA,voi_6,0.077910177,0.012654675,1.6760850872107234,0.045716211224924,LF_wit,MGA_0
19,MGA,voi_1,0.07932363,0.012142939,1.6903473767759558,0.0231437275631092,LF_wit,MGA_1
19,MGA,voi_2,0.091174096,0.010454086,1.8111185193442616,0.0245741335067526,LF_wit,MGA_1
19,MGA,voi_3,0.077228159,0.010552074,1.6689918936338797,0.0229377510909674,LF_wit,MGA_1
19,MGA,voi_4,0.087011144,0.008839401,1.7686928063387972,0.0240226459173578,LF_wit,MGA_1
19,MGA,voi_5,0.088622883,0.010705938,1.7851184524316934,0.0242301666016424,LF_wit,MGA_1
19,MGA,voi_6,0.079149947,0.009359049,1.6885773287158463,0.0231260883914505,LF_wit,MGA_1
23,FRESH,voi_1,0.09596093,0.00765691,1.8710229214569667,0.0318744111888087,LF_wit,FRESH_0
23,FRESH,voi_2,0.098549068,0.007672616,1.897815904099104,0.0323931582179224,LF_wit,FRESH_0
23,FRESH,voi_3,0.095299877,0.007026303,1.8641795531533705,0.0317453918212087,LF_wit,FRESH_0
23,FRESH,voi_4,0.097135201,0.007620045,1.8831792371248968,0.0321071160722792,LF_wit,FRESH_0
23,FRESH,voi_5,0.098240018,0.005026356,1.894616549472128,0.0323300949940377,LF_wit,FRESH_0
23,FRESH,voi_6,0.097695254,0.006104255,1.888977030869928,0.0322196644181504,LF_wit,FRESH_0
26,FRESH,voi_1,0.1024862,0.006484812,1.9338951932650068,0.02749211718827,LF_wit,FRESH_1
26,FRESH,voi_2,0.097654618,0.008051286,1.8841291912591505,0.0266630007571386,LF_wit,FRESH_1
26,FRESH,voi_3,0.100368768,0.004463259,1.91208533364568,0.0271215520856058,LF_wit,FRESH_1
26,FRESH,voi_4,0.09700837,0.008949554,1.8774727422401165,0.0265566366852019,LF_wit,FRESH_1
26,FRESH,voi_5,0.097308114,0.008754491,1.8805601493265005,0.0266058332935743,LF_wit,FRESH_1
26,FRESH,voi_6,0.100599818,0.008544262,1.9144651824743768,0.0271614510971041,LF_wit,FRESH_1
38,MGB,voi_1,0.10440538,0.003793723,1.899811167194059,0.0296366111149992,LF_wit,MGB_0
38,MGB,voi_2,0.100416124,0.003468672,1.861219591553116,0.0289580594216352,LF_wit,MGB_0
38,MGB,voi_3,0.097673684,0.004900902,1.834689561717792,0.028515969064629,LF_wit,MGB_0
38,MGB,voi_4,0.096458063,0.00473776,1.8229297925347112,0.0283266528870251,LF_wit,MGB_0
38,MGB,voi_5,0.096285619,0.004600319,1.8212615903261224,0.0283001353399634,LF_wit,MGB_0
38,MGB,voi_6,0.101633988,0.004463337,1.8730010592444304,0.0291608544544581,LF_wit,MGB_0
42,MGB,voi_1,0.10142636,0.004257596,1.8649256326237695,0.0309377046174132,LF_wit,MGB_1
42,MGB,voi_2,0.096078485,0.010250607,1.8132213146206253,0.0300337778527917,LF_wit,MGB_1
42,MGB,voi_3,0.096151628,0.006190828,1.8139284756765035,0.0300455646873876,LF_wit,MGB_1
42,MGB,voi_4,0.095395163,0.006261874,1.806614821763828,0.0299244595951373,LF_wit,MGB_1
42,MGB,voi_5,0.095221065,0.006779227,1.8049316077104491,0.0298968387715452,LF_wit,MGB_1
42,MGB,voi_6,0.098445818,0.004840687,1.8361091604007416,0.0304235121227818,LF_wit,MGB_1
46,MBC,voi_1,0.09725719,0.005713839,1.8800356246705705,0.0265974583997066,LF_wit,MBC_2
46,MBC,voi_2,0.09472809,0.007600429,1.8539855243777448,0.026190300615339,LF_wit,MBC_2
46,MBC,voi_3,0.095918618,0.006239261,1.8662481370863837,0.0263798014986769,LF_wit,MBC_2
46,MBC,voi_4,0.0971772,0.006266161,1.879211715959004,0.0265843172207285,LF_wit,MBC_2
46,MBC,voi_5,0.098044783,0.005119269,1.8881479478843333,0.0267277493160462,LF_wit,MBC_2
46,MBC,voi_6,0.096903399,0.007110735,1.8763915255710095,0.0265394643812115,LF_wit,MBC_2
1,MBC,voi_1,0.096615136,0.009422154,1.8624976459148053,0.0384162555101046,LF_wit,MBC_3
1,MBC,voi_2,0.098493308,0.007570253,1.8817269541593564,0.0388586686198244,LF_wit,MBC_3
1,MBC,voi_3,0.098123021,0.007030857,1.8779358408524016,0.03877036760931,LF_wit,MBC_3
1,MBC,voi_4,0.098302394,0.006296075,1.8797723173347205,0.0388130766090153,LF_wit,MBC_3
1,MBC,voi_5,0.101206563,0.005809257,1.9095061015117123,0.0395213920297159,LF_wit,MBC_3
1,MBC,voi_6,0.102158226,0.007698248,1.9192495228660584,0.0397602231982028,LF_wit,MBC_3
5,MBC,voi_1,0.07367177,0.004225599,1.6287964348878914,0.0215713034364157,LF_wit,MBC_4
5,MBC,voi_2,0.075888142,0.005111605,1.651397465955156,0.0217507340955234,LF_wit,MBC_4
5,MBC,voi_3,0.074825525,0.005664048,1.6405616316143488,0.0216626150804248,LF_wit,MBC_4
5,MBC,voi_4,0.07223063,0.004069071,1.614100684394618,0.0214637166194615,LF_wit,MBC_4
5,MBC,voi_5,0.073496938,0.004652628,1.6270136188878914,0.0215578667265592,LF_wit,MBC_4
5,MBC,voi_6,0.072013214,0.004101503,1.6118836261704026,0.0214481156402246,LF_wit,MBC_4
17,MGA,voi_1,0.084074326,0.011696439,1.7432124682244532,0.0438989193511309,LF_wit,MGA_2
17,MGA,voi_2,0.081032373,0.011314358,1.7117811027568406,0.0432489664663195,LF_wit,MGA_2
17,MGA,voi_3,0.075152293,0.005338059,1.6510244298369106,0.0421579263142615,LF_wit,MGA_2
17,MGA,voi_4,0.075826474,0.005094149,1.6579904905887766,0.0422715469885577,LF_wit,MGA_2
17,MGA,voi_5,0.08405105,0.008624388,1.7429719660001832,0.0438937338965388,LF_wit,MGA_2
17,MGA,voi_6,0.078960948,0.011399127,1.690377841031972,0.042839173637621,LF_wit,MGA_2
21,MGA,voi_1,0.101800896,0.007450508,1.926374502666543,0.0486992727787145,LF_wit,MGA_3
21,MGA,voi_2,0.094666295,0.008945424,1.8526553322860029,0.0465749535217983,LF_wit,MGA_3
21,MGA,voi_3,0.095278628,0.007666839,1.8589823407279085,0.0467477857459139,LF_wit,MGA_3
21,MGA,voi_4,0.088826656,0.013168638,1.7923165211314835,0.0450235269117964,LF_wit,MGA_3
21,MGA,voi_5,0.095477536,0.008439982,1.8610375828839945,0.0468043263963162,LF_wit,MGA_3
21,MGA,voi_6,0.092014097,0.010878054,1.8252511598249324,0.0458481966817645,LF_wit,MGA_3
24,FRESH,voi_1,0.1003516,0.004509925,1.918265976905312,0.0460086829405155,LF_wit,FRESH_2
24,FRESH,voi_2,0.099123567,0.005722566,1.905560231316397,0.0456492719401058,LF_wit,FRESH_2
24,FRESH,voi_3,0.097251423,0.004784391,1.8861902425866048,0.04511391308412,LF_wit,FRESH_2
24,FRESH,voi_4,0.095213927,0.00828153,1.86510945256351,0.0445490830496764,LF_wit,FRESH_2
24,FRESH,voi_5,0.099184111,0.004155811,1.9061866449884524,0.0456668403240088,LF_wit,FRESH_2
24,FRESH,voi_6,0.098353431,0.006460815,1.897592080554272,0.0454271828993493,LF_wit,FRESH_2
25,FRESH,voi_1,0.09683094,0.005740218,1.88260487274002,0.0336170968937219,LF_wit,FRESH_3
25,FRESH,voi_2,0.095350809,0.009262626,1.867196815573992,0.0333092373379295,LF_wit,FRESH_3
25,FRESH,voi_3,0.095859326,0.00672348,1.872490440939515,0.0334141536678316,LF_wit,FRESH_3
25,FRESH,voi_4,0.095535442,0.007610296,1.869118831813592,0.0333472264742464,LF_wit,FRESH_3
25,FRESH,voi_5,0.098209143,0.005290861,1.8969518667631105,0.0339104547839526,LF_wit,FRESH_3
25,FRESH,voi_6,0.097610012,0.007192413,1.8907149561802368,0.0337821440176897,LF_wit,FRESH_3
37,MGB,voi_1,0.10350538,0.003441029,1.935781957288196,0.0600801144763456,LF_wit,MGB_2
37,MGB,voi_2,0.099277191,0.004104229,1.892605474315296,0.058497250042218,LF_wit,MGB_2
37,MGB,voi_3,0.09867432,0.003409109,1.886449209903664,0.0582794716144181,LF_wit,MGB_2
37,MGB,voi_4,0.096959226,0.003998456,1.868935393258305,0.0576711659224842,LF_wit,MGB_2
37,MGB,voi_5,0.096916191,0.005197372,1.8684959379868544,0.0576561195346005,LF_wit,MGB_2
37,MGB,voi_6,0.098425768,0.003774608,1.883911101698028,0.0581902791084703,LF_wit,MGB_2
40,MGB,voi_1,0.10050901,0.003620593,1.9181307898254485,0.0789723163818343,LF_wit,MGB_3
40,MGB,voi_2,0.097336948,0.003644906,1.8854266411851173,0.0774056330222499,LF_wit,MGB_3
40,MGB,voi_3,0.095751874,0.003494823,1.8690844335920995,0.0766512513068329,LF_wit,MGB_3
40,MGB,voi_4,0.096128806,0.003781897,1.8729706250206708,0.0768288761761877,LF_wit,MGB_3
40,MGB,voi_5,0.098396026,0.003296896,1.8963457986081769,0.0779203976320765,LF_wit,MGB_3
40,MGB,voi_6,0.099502563,0.003635007,1.90775426115526,0.0784671897329549,LF_wit,MGB_3
45,MBC,voi_1,0.10738373,0.005427863,1.9969049005657704,0.0516545674161844,LF_wit,MBC_5
45,MBC,voi_2,0.10186252,0.006106479,1.939193808769448,0.0497808770496364,LF_wit,MBC_5
45,MBC,voi_3,0.101886228,0.00542708,1.93944161940594,0.0497886452892339,LF_wit,MBC_5
45,MBC,voi_4,0.098158918,0.008542024,1.90048147669024,0.0485985575365162,LF_wit,MBC_5
45,MBC,voi_5,0.100287117,0.00766892,1.9227267250777929,0.0492702927917378,LF_wit,MBC_5
45,MBC,voi_6,0.09848462,0.009054323,1.9038859148514848,0.0486999897412516,LF_wit,MBC_5
4,MBC,voi_1,0.08085667,0.006981341,1.7059709811475403,0.0233037956741266,LF_wot,MBC_0
4,MBC,voi_2,0.07079798,0.006937965,1.6034602879781417,0.0224020042718899,LF_wot,MBC_0
4,MBC,voi_3,0.075291783,0.00651774,1.6492577884972677,0.0227608879158449,LF_wot,MBC_0
4,MBC,voi_4,0.075269461,0.007096474,1.6490302992622947,0.0227589258012301,LF_wot,MBC_0
4,MBC,voi_5,0.077078708,0.005498488,1.667468800109289,0.0229236354481499,LF_wot,MBC_0
4,MBC,voi_6,0.071961075,0.00703366,1.6153136878415295,0.0224878440322091,LF_wot,MBC_0
8,MBC,voi_1,0.10207963,0.005927305,1.9105011937907077,0.0208088800212786,LF_wot,MBC_1
8,MBC,voi_2,0.096849896,0.015637824,1.858022186956144,0.0201616525929275,LF_wot,MBC_1
8,MBC,voi_3,0.100515887,0.008399532,1.8948094435822835,0.0206098950390112,LF_wot,MBC_1
8,MBC,voi_4,0.094933189,0.011769833,1.8387885357316536,0.0199379285002869,LF_wot,MBC_1
8,MBC,voi_5,0.097950488,0.009040729,1.8690663385497173,0.0202934670082317,LF_wot,MBC_1
8,MBC,voi_6,0.100361735,0.011764561,1.893262568758141,0.0205905260701328,LF_wot,MBC_1
18,MGA,voi_1,0.083190426,0.009726687,1.7303560516750254,0.0468388296919011,LF_wot,MGA_0
18,MGA,voi_2,0.081256509,0.012329809,1.7104790457262702,0.0464061000879285,LF_wot,MGA_0
18,MGA,voi_3,0.078231826,0.007444589,1.67939103006474,0.0457792075854606,LF_wot,MGA_0
18,MGA,voi_4,0.073498614,0.00628771,1.6307425704458836,0.0449257286911493,LF_wot,MGA_0
18,MGA,voi_5,0.078180909,0.006694115,1.6788676996881555,0.0457691876529235,LF_wot,MGA_0
18,MGA,voi_6,0.077910177,0.012654675,1.6760850872107234,0.045716211224924,LF_wot,MGA_0
19,MGA,voi_1,0.07664279,0.012938902,1.6630262478142073,0.0228829050835468,LF_wot,MGA_1
19,MGA,voi_2,0.091149397,0.010482893,1.810866805491803,0.0245707145401921,LF_wot,MGA_1
19,MGA,voi_3,0.07422968,0.011454745,1.6384336240437154,0.0226694889731182,LF_wot,MGA_1
19,MGA,voi_4,0.086594969,0.009386498,1.7644514600273218,0.0239703220203291,LF_wot,MGA_1
19,MGA,voi_5,0.087244213,0.012060815,1.7710680723770489,0.0240521764301318,LF_wot,MGA_1
19,MGA,voi_6,0.07539504,0.011667538,1.6503101071038246,0.0227699871721682,LF_wot,MGA_1
23,FRESH,voi_1,0.0949946,0.009904349,1.8610192574651017,0.0316862982644576,LF_wot,FRESH_0
23,FRESH,voi_2,0.097628564,0.009679385,1.8882866410945744,0.0322062099929629,LF_wot,FRESH_0
23,FRESH,voi_3,0.095129684,0.007394635,1.8624176772044008,0.0317124087210529,LF_wot,FRESH_0
23,FRESH,voi_4,0.096525103,0.008938857,1.8768633663622083,0.0319856553105633,LF_wot,FRESH_0
23,FRESH,voi_5,0.09823636,0.005038256,1.8945786810391056,0.0323293503528714,LF_wot,FRESH_0
23,FRESH,voi_6,0.097596496,0.006379607,1.887954665996118,0.0321997454380393,LF_wot,FRESH_0
26,FRESH,voi_1,0.10197024,0.008313442,1.9285807297218152,0.0274008127707277,LF_wot,FRESH_1
26,FRESH,voi_2,0.095532,0.013624394,1.8622659150805267,0.0263178360801177,LF_wot,FRESH_1
26,FRESH,voi_3,0.100368768,0.004463259,1.91208533364568,0.0271215520856058,LF_wot,FRESH_1
26,FRESH,voi_4,0.096572578,0.010007356,1.872984020834553,0.0264855375180288,LF_wot,FRESH_1
26,FRESH,voi_5,0.096505426,0.010674737,1.872292345402635,0.0264746269105544,LF_wot,FRESH_1
26,FRESH,voi_6,0.100057818,0.009991778,1.908882503118594,0.0270680661101436,LF_wot,FRESH_1
38,MGB,voi_1,0.10440538,0.003793723,1.899811167194059,0.0296366111149992,LF_wot,MGB_0
38,MGB,voi_2,0.100416124,0.003468672,1.861219591553116,0.0289580594216352,LF_wot,MGB_0
38,MGB,voi_3,0.097655393,0.004972176,1.834512616816274,0.0285130897798822,LF_wot,MGB_0
38,MGB,voi_4,0.096448168,0.004775844,1.822834069512432,0.0283251289971278,LF_wot,MGB_0
38,MGB,voi_5,0.096285619,0.004600319,1.8212615903261224,0.0283001353399634,LF_wot,MGB_0
38,MGB,voi_6,0.101633988,0.004463337,1.8730010592444304,0.0291608544544581,LF_wot,MGB_0
42,MGB,voi_1,0.10142636,0.004257596,1.8649256326237695,0.0309377046174132,LF_wot,MGB_1
42,MGB,voi_2,0.095588058,0.011374594,1.80847976894775,0.0299551726424847,LF_wot,MGB_1
42,MGB,voi_3,0.096151628,0.006190828,1.8139284756765035,0.0300455646873876,LF_wot,MGB_1
42,MGB,voi_4,0.095395163,0.006261874,1.806614821763828,0.0299244595951373,LF_wot,MGB_1
42,MGB,voi_5,0.094480731,0.009582726,1.797773911510643,0.0297804427524579,LF_wot,MGB_1
42,MGB,voi_6,0.098445818,0.004840687,1.8361091604007416,0.0304235121227818,LF_wot,MGB_1
46,MBC,voi_1,0.096977696,0.006802217,1.877156795549048,0.026551615662208,LF_wot,MBC_2
46,MBC,voi_2,0.094220132,0.008874439,1.8487534826061487,0.0261106388257872,LF_wot,MBC_2
46,MBC,voi_3,0.095838532,0.006472257,1.8654232395607608,0.0263669322519282,LF_wot,MBC_2
46,MBC,voi_4,0.097166032,0.006298734,1.8790966839238648,0.0265824838324928,LF_wot,MBC_2
46,MBC,voi_5,0.098044783,0.005119269,1.8881479478843333,0.0267277493160462,LF_wot,MBC_2
46,MBC,voi_6,0.096887186,0.007152956,1.8762245292972175,0.0265368146990925,LF_wot,MBC_2
1,MBC,voi_1,0.084189,0.026905471,1.7352750063308315,0.0358621620244357,LF_wot,MBC_3
1,MBC,voi_2,0.096682079,0.012190723,1.8631830291394595,0.0384317881210618,LF_wot,MBC_3
1,MBC,voi_3,0.09772975,0.007921585,1.8739094102152487,0.0386771614943408,LF_wot,MBC_3
1,MBC,voi_4,0.097694993,0.007869175,1.8735535572546809,0.0386689526737427,LF_wot,MBC_3
1,MBC,voi_5,0.101146683,0.005990145,1.908893031474632,0.0395064734505752,LF_wot,MBC_3
1,MBC,voi_6,0.101262636,0.009817876,1.9100801943004435,0.0395353738968053,LF_wot,MBC_3
5,MBC,voi_1,0.07291801,0.00515412,1.621110110941703,0.0215141298813952,LF_wot,MBC_4
5,MBC,voi_2,0.075545028,0.005491133,1.6478986263318376,0.0217218624340962,LF_wot,MBC_4
5,MBC,voi_3,0.071968757,0.008451087,1.6114302843856492,0.0214449460254562,LF_wot,MBC_4
5,MBC,voi_4,0.069791816,0.006469557,1.589231343426008,0.0212983036563796,LF_wot,MBC_4
5,MBC,voi_5,0.071657382,0.0065415,1.6082550971659182,0.0214229412371822,LF_wot,MBC_4
5,MBC,voi_6,0.07032875,0.005584835,1.594706625560537,0.0213329043950725,LF_wot,MBC_4
17,MGA,voi_1,0.08401298,0.011741791,1.7425786028932082,0.0438852595671401,LF_wot,MGA_2
17,MGA,voi_2,0.080145746,0.011904983,1.702619916745599,0.043070250809291,LF_wot,MGA_2
17,MGA,voi_3,0.074312158,0.006681556,1.6423436283165938,0.042020612693765,LF_wot,MGA_2
17,MGA,voi_4,0.075016506,0.007102534,1.6496213934248587,0.0421354105300297,LF_wot,MGA_2
17,MGA,voi_5,0.083905816,0.008824768,1.7414713172615857,0.0438614513637465,LF_wot,MGA_2
17,MGA,voi_6,0.076142758,0.013420207,1.661258535162627,0.0423258959271739,LF_wot,MGA_2
21,MGA,voi_1,0.101800896,0.007450508,1.926374502666543,0.0486992727787145,LF_wot,MGA_3
21,MGA,voi_2,0.094530024,0.009206541,1.85124729488252,0.0465367441150772,LF_wot,MGA_3
21,MGA,voi_3,0.095140226,0.008057625,1.857552284496452,0.0467085591965816,LF_wot,MGA_3
21,MGA,voi_4,0.088592149,0.013368207,1.7898934477895505,0.0449650304414877,LF_wot,MGA_3
21,MGA,voi_5,0.095477,0.008441022,1.8610320445959636,0.0468041737742086,LF_wot,MGA_3
21,MGA,voi_6,0.091959037,0.010948776,1.824682245386528,0.0458334924422767,LF_wot,MGA_3
24,FRESH,voi_1,0.1003516,0.004509925,1.918265976905312,0.0460086829405155,LF_wot,FRESH_2
24,FRESH,voi_2,0.098865002,0.006969621,1.9028850091454963,0.0455744208395867,LF_wot,FRESH_2
24,FRESH,voi_3,0.097251423,0.004784391,1.8861902425866048,0.04511391308412,LF_wot,FRESH_2
24,FRESH,voi_4,0.095033079,0.008755229,1.8632383231408771,0.044499868899561,LF_wot,FRESH_2
24,FRESH,voi_5,0.099184111,0.004155811,1.9061866449884524,0.0456668403240088,LF_wot,FRESH_2
24,FRESH,voi_6,0.098353431,0.006460815,1.897592080554272,0.0454271828993493,LF_wot,FRESH_2
25,FRESH,voi_1,0.096824214,0.00576065,1.8825348555641763,0.0336156809225758,LF_wot,FRESH_3
25,FRESH,voi_2,0.093651623,0.012520372,1.8495084116261564,0.0329652657425905,LF_wot,FRESH_3
25,FRESH,voi_3,0.094076663,0.01140377,1.8539330474305875,0.0330503444536789,LF_wot,FRESH_3
25,FRESH,voi_4,0.094420172,0.010562777,1.857508951393848,0.0331195757482525,LF_wot,FRESH_3
25,FRESH,voi_5,0.098198526,0.005327936,1.896841344557352,0.0339081706469235,LF_wot,FRESH_3
25,FRESH,voi_6,0.097388409,0.007760367,1.888408084901841,0.0337349890378668,LF_wot,FRESH_3
37,MGB,voi_1,0.10350538,0.003441029,1.935781957288196,0.0600801144763456,LF_wot,MGB_2
37,MGB,voi_2,0.099277191,0.004104229,1.892605474315296,0.058497250042218,LF_wot,MGB_2
37,MGB,voi_3,0.09867432,0.003409109,1.886449209903664,0.0582794716144181,LF_wot,MGB_2
37,MGB,voi_4,0.096898653,0.004269405,1.8683168473269105,0.0576499907811294,LF_wot,MGB_2
37,MGB,voi_5,0.096726857,0.005846218,1.8665625390240383,0.0575900502023976,LF_wot,MGB_2
37,MGB,voi_6,0.098425768,0.003774608,1.883911101698028,0.0581902791084703,LF_wot,MGB_2
40,MGB,voi_1,0.10050901,0.003620593,1.9181307898254485,0.0789723163818343,LF_wot,MGB_3
40,MGB,voi_2,0.09733694,0.001512201,1.88542655870464,0.0774056291659643,LF_wot,MGB_3
40,MGB,voi_3,0.095751874,0.003494823,1.8690844335920995,0.0766512513068329,LF_wot,MGB_3
40,MGB,voi_4,0.096128806,0.003781897,1.8729706250206708,0.0768288761761877,LF_wot,MGB_3
40,MGB,voi_5,0.098396026,0.003296896,1.8963457986081769,0.0779203976320765,LF_wot,MGB_3
40,MGB,voi_6,0.099502563,0.003635007,1.90775426115526,0.0784671897329549,LF_wot,MGB_3
45,MBC,voi_1,0.10738373,0.005427863,1.9969049005657704,0.0516545674161844,LF_wot,MBC_5
45,MBC,voi_2,0.101860471,0.006113632,1.9391723913578491,0.0497802057841676,LF_wot,MBC_5
45,MBC,voi_3,0.101857536,0.005548866,1.939141712927864,0.049779244291735,LF_wot,MBC_5
45,MBC,voi_4,0.097455755,0.010300824,1.8931315833804805,0.0483812943255563,LF_wot,MBC_5
45,MBC,voi_5,0.099961743,0.008608005,1.9193257153748229,0.0491662363879967,LF_wot,MBC_5
45,MBC,voi_6,0.097738795,0.010743415,1.8960900920084864,0.0484684638794423,LF_wot,MBC_5
1,MBC,voi_1,1.6892308,0.6643342,1.6892308,0.0339015375999999,DE,MBC_3
1,MBC,voi_2,1.9548876285552976,0.3533661365509033,1.9548876285552976,0.0264631464004514,DE,MBC_3
1,MBC,voi_3,1.9474470615386963,0.288704365491867,1.9474470615386963,0.0266714822769162,DE,MBC_3
1,MBC,voi_4,1.9783484935760496,0.2782270610332489,1.9783484935760496,0.0258062421798703,DE,MBC_3
1,MBC,voi_5,1.982927203178405,0.2276188731193542,1.982927203178405,0.0256780383110044,DE,MBC_3
1,MBC,voi_6,1.9683403968811035,0.3216097354888916,1.9683403968811035,0.0260864688873288,DE,MBC_3
4,MBC,voi_1,1.4653748,0.18730755,1.4653748,0.0123071769999999,DE,MBC_0
4,MBC,voi_2,1.3524532318115234,0.1938175410032272,1.3524532318115234,0.0063787946701049,DE,MBC_0
4,MBC,voi_3,1.4678807258605957,0.2079780101776123,1.4678807258605957,0.0124387381076812,DE,MBC_0
4,MBC,voi_4,1.4259324073791504,0.1916129738092422,1.4259324073791504,0.0102364513874053,DE,MBC_0
4,MBC,voi_5,1.423651099205017,0.1798885464668274,1.423651099205017,0.0101166827082633,DE,MBC_0
4,MBC,voi_6,1.3270394802093506,0.1854465752840042,1.3270394802093506,0.0050445727109908,DE,MBC_0
5,MBC,voi_1,1.2689342,0.20839521,1.2689342,0.0031833874999999,DE,MBC_4
5,MBC,voi_2,1.3717762231826782,0.2201317995786667,1.3717762231826782,0.0096110139489173,DE,MBC_4
5,MBC,voi_3,1.3457159996032717,0.235385462641716,1.3457159996032717,0.0079822499752044,DE,MBC_4
5,MBC,voi_4,1.31578266620636,0.2244252413511276,1.31578266620636,0.0061114166378974,DE,MBC_4
5,MBC,voi_5,1.3006690740585327,0.2217933237552642,1.3006690740585327,0.0051668171286582,DE,MBC_4
5,MBC,voi_6,1.185973882675171,0.2014053463935852,1.185973882675171,0.002,DE,MBC_4
8,MBC,voi_1,1.9621826,0.18833694,1.9621826,0.0197614264,DE,MBC_1
8,MBC,voi_2,1.8692278861999512,0.3008145987987518,1.8692278861999512,0.0231077960968017,DE,MBC_1
8,MBC,voi_3,1.9948227405548096,0.2133025676012039,1.9948227405548096,0.0185863813400269,DE,MBC_1
8,MBC,voi_4,1.926637887954712,0.2529169023036957,1.926637887954712,0.0210410360336303,DE,MBC_1
8,MBC,voi_5,1.9536020755767824,0.2152281105518341,1.9536020755767824,0.0200703252792358,DE,MBC_1
8,MBC,voi_6,1.9008606672286987,0.2390373349189758,1.9008606672286987,0.0219690159797668,DE,MBC_1
17,MGA,voi_1,1.3522602,0.2846178,1.3522602,0.006601709,DE,MGA_2
17,MGA,voi_2,1.8045175075531008,0.2024441808462143,1.8045175075531008,0.0107289495468138,DE,MGA_2
17,MGA,voi_3,1.497990369796753,0.2734172642230987,1.497990369796753,0.0131595666408538,DE,MGA_2
17,MGA,voi_4,1.6925112009048462,0.2665078938007355,1.6925112009048462,0.0174493279457092,DE,MGA_2
17,MGA,voi_5,1.3134539127349854,0.1875326335430145,1.3134539127349854,0.0048554260730743,DE,MGA_2
17,MGA,voi_6,1.7701374292373655,0.3001953065395355,1.7701374292373655,0.012791754245758,DE,MGA_2
18,MGA,voi_1,1.4685888,0.23186612,1.4685888,0.011836496,DE,MGA_0
18,MGA,voi_2,1.5157581567764282,0.2923353612422943,1.5157581567764282,0.0139591170549392,DE,MGA_0
18,MGA,voi_3,1.4541542530059814,0.2090814709663391,1.4541542530059814,0.0111869413852691,DE,MGA_0
18,MGA,voi_4,1.384429931640625,0.2067454904317855,1.384429931640625,0.0080493469238281,DE,MGA_0
18,MGA,voi_5,1.4724833965301514,0.2028912305831909,1.4724833965301514,0.0120117528438568,DE,MGA_0
18,MGA,voi_6,1.490326166152954,0.2836811244487762,1.490326166152954,0.0128146774768829,DE,MGA_0
19,MGA,voi_1,1.3804256,0.23493974,1.3804256,0.0338473439999998,DE,MGA_1
19,MGA,voi_2,1.814329743385315,0.2052166759967804,1.814329743385315,0.0401121723175046,DE,MGA_1
19,MGA,voi_3,1.626689314842224,0.2925464808940887,1.626689314842224,0.0467761890292165,DE,MGA_1
19,MGA,voi_4,1.623340129852295,0.2637155055999756,1.623340129852295,0.0466003568172453,DE,MGA_1
19,MGA,voi_5,1.5639605522155762,0.3130407929420471,1.5639605522155762,0.0434829289913175,DE,MGA_1
19,MGA,voi_6,1.320255160331726,0.3586125373840332,1.320255160331726,0.0306883959174155,DE,MGA_1
21,MGA,voi_1,1.8514553,0.25866812,1.8514553,0.0173010395999999,DE,MGA_3
21,MGA,voi_2,1.7957510948181152,0.3241446912288666,1.7957510948181152,0.0210889255523681,DE,MGA_3
21,MGA,voi_3,1.803287386894226,0.3522630631923675,1.803287386894226,0.0205764576911925,DE,MGA_3
21,MGA,voi_4,1.7388174533843994,0.3521060943603515,1.7388174533843994,0.0249604131698607,DE,MGA_3
21,MGA,voi_5,1.885723352432251,0.2935358881950378,1.885723352432251,0.0149708120346069,DE,MGA_3
21,MGA,voi_6,1.8483506441116333,0.3187417387962341,1.8483506441116333,0.0175121562004089,DE,MGA_3
23,FRESH,voi_1,1.8927673,0.23624088,1.8927673,0.0202025156,DE,FRESH_0
23,FRESH,voi_2,1.9889142513275144,0.2360555380582809,1.9889142513275144,0.0175104009628296,DE,FRESH_0
23,FRESH,voi_3,1.9617329835891724,0.2091701775789261,1.9617329835891724,0.0182714764595032,DE,FRESH_0
23,FRESH,voi_4,1.9696834087371824,0.2259530276060104,1.9696834087371824,0.0180488645553589,DE,FRESH_0
23,FRESH,voi_5,1.9928678274154663,0.1878293603658676,1.9928678274154663,0.017399700832367,DE,FRESH_0
23,FRESH,voi_6,1.9543927907943728,0.1955105513334274,1.9543927907943728,0.0184770018577576,DE,FRESH_0
24,FRESH,voi_1,1.9822627,0.18128173,1.9822627,0.0057351871999998,DE,FRESH_2
24,FRESH,voi_2,2.034857988357544,0.2096627950668335,2.034857988357544,0.002369088745117,DE,FRESH_2
24,FRESH,voi_3,2.0199482440948486,0.1752073317766189,2.0199482440948486,0.0033233123779295,DE,FRESH_2
24,FRESH,voi_4,2.022334337234497,0.2336605489253997,2.022334337234497,0.003170602416992,DE,FRESH_2
24,FRESH,voi_5,2.046103000640869,0.1768379509449005,2.046103000640869,0.0016494079589842,DE,FRESH_2
24,FRESH,voi_6,1.991039514541626,0.1921384483575821,1.991039514541626,0.0051734710693358,DE,FRESH_2
25,FRESH,voi_1,1.9534097,0.19320409,1.9534097,0.0196499732,DE,FRESH_3
25,FRESH,voi_2,1.9101566076278689,0.2913917005062103,1.9101566076278689,0.0215531092643737,DE,FRESH_3
25,FRESH,voi_3,1.94305419921875,0.2589663863182068,1.94305419921875,0.020105615234375,DE,FRESH_3
25,FRESH,voi_4,1.95305609703064,0.2592056691646576,1.95305609703064,0.0196655317306518,DE,FRESH_3
25,FRESH,voi_5,1.9558048248291016,0.183715209364891,1.9558048248291016,0.0195445877075195,DE,FRESH_3
25,FRESH,voi_6,1.9493787288665767,0.2089807689189911,1.9493787288665767,0.0198273359298706,DE,FRESH_3
26,FRESH,voi_1,2.0052173,0.22406359,2.0052173,0.00752173,DE,FRESH_1
26,FRESH,voi_2,2.00752592086792,0.2959150671958923,2.00752592086792,0.007752592086792,DE,FRESH_1
26,FRESH,voi_3,2.13913631439209,0.1869200468063354,2.13913631439209,0.020913631439209,DE,FRESH_1
26,FRESH,voi_4,2.081764936447144,0.2584069073200226,2.081764936447144,0.0151764936447144,DE,FRESH_1
26,FRESH,voi_5,2.019708633422852,0.2575308084487915,2.019708633422852,0.0089708633422852,DE,FRESH_1
26,FRESH,voi_6,2.047220230102539,0.2533934116363525,2.047220230102539,0.0117220230102539,DE,FRESH_1
37,MGB,voi_1,1.999013,0.1765001,1.999013,0.0078315839999998,DE,MGB_2
37,MGB,voi_2,2.0333502292633057,0.1772152334451675,2.0333502292633057,0.0067327926635741,DE,MGB_2
37,MGB,voi_3,2.058176755905152,0.1801333427429199,2.058176755905152,0.005938343811035,DE,MGB_2
37,MGB,voi_4,2.056033134460449,0.202938437461853,2.056033134460449,0.0060069396972655,DE,MGB_2
37,MGB,voi_5,2.003261089324951,0.2169517576694488,2.003261089324951,0.0076956451416014,DE,MGB_2
37,MGB,voi_6,1.992866277694702,0.1784624904394149,1.992866277694702,0.0080282791137694,DE,MGB_2
38,MGB,voi_1,1.9978081,0.17286843,1.9978081,0.0064334156000001,DE,MGB_0
38,MGB,voi_2,2.036489963531494,0.1701811850070953,2.036489963531494,0.0093732372283937,DE,MGB_0
38,MGB,voi_3,2.0341498851776123,0.1842677891254425,2.0341498851776123,0.0091953912734987,DE,MGB_0
38,MGB,voi_4,2.031024217605591,0.1773448288440704,2.031024217605591,0.008957840538025,DE,MGB_0
38,MGB,voi_5,2.033597707748413,0.1808268129825592,2.033597707748413,0.0091534257888795,DE,MGB_0
38,MGB,voi_6,2.033184289932251,0.1793452054262161,2.033184289932251,0.0091220060348512,DE,MGB_0
40,MGB,voi_1,1.9931048,0.17433345,1.9931048,0.0043930655999998,DE,MGB_3
40,MGB,voi_2,2.021204233169556,0.1723096370697021,2.021204233169556,0.0036062814712522,DE,MGB_3
40,MGB,voi_3,2.0482895374298096,0.1806007027626037,2.0482895374298096,0.0028478929519651,DE,MGB_3
40,MGB,voi_4,2.0571489334106445,0.1831076294183731,2.0571489334106445,0.0025998298645017,DE,MGB_3
40,MGB,voi_5,2.056450128555298,0.1794858425855636,2.056450128555298,0.0026193964004514,DE,MGB_3
40,MGB,voi_6,2.029459476470948,0.1737469583749771,2.029459476470948,0.0033751346588132,DE,MGB_3
42,MGB,voi_1,2.028176,0.18102631,2.028176,0.0007967359999998,DE,MGB_1
42,MGB,voi_2,1.9701039791107176,0.2677318453788757,1.9701039791107176,0.0045133453369139,DE,MGB_1
42,MGB,voi_3,2.0376791954040527,0.196193054318428,2.0376791954040527,0.0001885314941405,DE,MGB_1
42,MGB,voi_4,1.997639775276184,0.2034948468208313,1.997639775276184,0.0027510543823241,DE,MGB_1
42,MGB,voi_5,1.999028563499451,0.2518956959247589,1.999028563499451,0.002662171936035,DE,MGB_1
42,MGB,voi_6,1.96864116191864,0.1850871592760086,1.96864116191864,0.0046069656372069,DE,MGB_1
45,MBC,voi_1,2.0656543,0.19303396,2.0656543,0.0050121484000001,DE,MBC_5
45,MBC,voi_2,2.1335794925689697,0.1989240497350692,2.1335794925689697,0.0041970460891725,DE,MBC_5
45,MBC,voi_3,2.151515007019043,0.1968484818935394,2.151515007019043,0.0039818199157717,DE,MBC_5
45,MBC,voi_4,2.079578399658203,0.2537515461444855,2.079578399658203,0.0048450592041017,DE,MBC_5
45,MBC,voi_5,2.1081316471099854,0.2452924102544784,2.1081316471099854,0.0045024202346803,DE,MBC_5
45,MBC,voi_6,2.036329746246338,0.2595739066600799,2.036329746246338,0.0053640430450441,DE,MBC_5
46,MBC,voi_1,2.0104737,0.21644159,2.0104737,7.031680000011212e-05,DE,MBC_2
46,MBC,voi_2,2.0016119480133057,0.2313708513975143,2.0016119480133057,0.0004968353271483,DE,MBC_2
46,MBC,voi_3,2.0419459342956543,0.204451099038124,2.0419459342956543,0.0020845397949219,DE,MBC_2
46,MBC,voi_4,2.087974071502685,0.1985739916563034,2.087974071502685,0.0050303405761719,DE,MBC_2
46,MBC,voi_5,2.062748908996582,0.1937257349491119,2.062748908996582,0.0034159301757813,DE,MBC_2
46,MBC,voi_6,2.0028443336486816,0.2129223495721817,2.0028443336486816,0.0004179626464842,DE,MBC_2
